promoter_name,score
TDH3_1,17.717085609753077
CCW12_1,14.90763679697476
PGK1_1,13.839416319520424
HHF2_1,14.678109309633264
TEF1_1,14.219497034583572
TEF2_1,10.12815300965051
HHF1_1,13.082691207362387
HTB2_1,10.820699931031745
RPL18B_1,14.913562377028946
ALD6_1,15.258293197444553
PAB1_1,5.4531742161453405
RET2_1,3.619448939755773
RNR1_1,9.754335491010934
SAC6_1,9.820566862944258
RNR2_1,7.043756556577358
POP6_1,5.698783002873992
RAD27_1,8.457454710182457
PSP2_1,9.217224690030466
