promoter_name,score
RET2_1,3.61944894
PAB1_1,5.453174216
POP6_1,5.698783003
RNR2_1,7.043756557
RAD27_1,8.45745471
PSP2_1,9.21722469
RNR1_1,9.754335491
SAC6_1,9.820566863
TEF2_1,10.12815301
HTB2_1,10.82069993
HHF1_1,13.08269121
PGK1_1,13.83941632
TEF1_1,14.21949703
HHF2_1,14.67810931
CCW12_1,14.9076368
RPL18B_1,14.91356238
ALD6_1,15.2582932
TDH3_1,17.71708561